STT,Tên ,Mã Sinh Viên,Ngày Sinh,Lớp,Điểm trung bình(hệ 10),GPA,Điểm rèn luyện
1,Bùi Quốc Linh,B21DCCN800,1/1/2002,D21CQCN01,9.63,3.93,97
2,Phan Đình Tuấn,B21DCCN560,3/4/2002,D21CQCN02,7.12,2.81,95
3,Trần Thanh Khang,B21DCCN510,6/18/1998,D21CQCN15,5.12,1.59,75
4,Vũ Văn Huy,B21DCCN883,11/1/2001,D21CQCN01,8.09,3.42,62
5,Nguyễn Anh Linh,B21DCCN776,8/13/1998,D21CQCN20,7.75,2.94,71
6,Nguyễn Khánh Dương,B21DCCN751,8/4/2002,D21CQCN13,4.99,1.55,61
7,Phạm Anh Bình,B21DCCN147,1/7/1998,D21CQCN19,7.61,2.94,82
8,Lê Quốc Tuấn,B21DCCN784,1/24/2000,D21CQCN07,7.33,2.92,64
9,Bùi Khánh Quang,B21DCCN947,9/6/2001,D21CQCN14,7.01,2.92,41
10,Bùi Thanh Linh,B21DCCN516,8/17/2002,D21CQCN10,7.06,3,63
11,Trần Minh Huy,B21DCCN464,12/11/2002,D21CQCN15,8.25,3.2,58
12,Phan Hữu Quang,B21DCCN618,3/8/1999,D21CQCN16,7.45,2.95,48
13,Vũ Hữu Bình,B21DCCN386,12/7/1999,D21CQCN13,6.52,2.55,74
14,Trần Anh Bình,B21DCCN539,4/5/1999,D21CQCN13,7.52,2.96,65
15,Đỗ Anh Anh,B21DCCN764,5/7/2002,D21CQCN12,7.11,2.82,76
16,Trần Hải Linh,B21DCCN932,11/10/1999,D21CQCN04,7.25,2.8,79
17,Bùi Thị Huy,B21DCCN688,8/12/2003,D21CQCN14,8.17,3.43,51
18,Hoàng Hữu Phong,B21DCCN196,10/20/1999,D21CQCN08,6.45,2.73,98
19,Trần Hữu Huy,B21DCCN431,1/14/2002,D21CQCN18,7.63,2.85,74
20,Phan Văn Tuấn,B21DCCN695,9/27/1998,D21CQCN03,7.74,2.83,90
21,Nguyễn Văn Cường,B21DCCN201,4/10/2001,D21CQCN12,7.79,2.93,77
22,Hoàng Hải Bình,B21DCCN854,8/1/2003,D21CQCN08,7.95,3.29,74
23,Nguyễn Khánh Anh,B21DCCN269,3/15/1999,D21CQCN18,7.2,2.99,81
24,Đỗ Thanh Khang,B21DCCN988,9/28/2001,D21CQCN09,5.72,2.21,82
25,Đặng Thanh Huy,B21DCCN598,5/4/2000,D21CQCN10,7.91,3.16,70
26,Trần Thị Huy,B21DCCN873,1/6/2001,D21CQCN09,8.8,3.7,77
27,Bùi Hữu Quang,B21DCCN164,11/19/1999,D21CQCN13,7.33,2.93,82
28,Trần Hữu Bình,B21DCCN493,4/8/2003,D21CQCN18,9.47,3.59,41
29,Vũ Thanh Bình,B21DCCN259,2/27/1998,D21CQCN04,7.09,2.99,77
30,Bùi Quốc Bình,B21DCCN666,10/25/2001,D21CQCN05,7.9,3.17,82
31,Nguyễn Hải Tuấn,B21DCCN834,11/28/2003,D21CQCN14,7.7,2.91,51
32,Hoàng Hải Phong,B21DCCN376,10/19/1998,D21CQCN15,7.75,2.95,81
33,Phan Minh Cường,B21DCCN722,7/19/1999,D21CQCN09,7.84,3.46,84
34,Bùi Hữu Khang,B21DCCN898,4/17/2003,D21CQCN06,7.28,2.97,83
35,Phan Khánh Phong,B21DCCN413,7/3/2000,D21CQCN15,8.6,3.79,83
36,Lê Anh Dương,B21DCCN799,8/28/2002,D21CQCN13,7.22,2.94,81
37,Phan Khánh Bình,B21DCCN766,6/24/2001,D21CQCN20,7.8,3.43,76
38,Đặng Khánh Bình,B21DCCN292,2/24/2002,D21CQCN19,5.26,1.77,73
39,Hoàng Hải Dương,B21DCCN848,10/18/1999,D21CQCN18,8.35,3.29,46
40,Phạm Minh Khang,B21DCCN504,12/1/2001,D21CQCN03,8.03,3.3,80
41,Nguyễn Thị Tuấn,B21DCCN352,1/5/1998,D21CQCN04,7.32,2.85,66
42,Đặng Hữu Quang,B21DCCN439,7/25/1999,D21CQCN06,8.35,3.11,71
43,Bùi Văn Cường,B21DCCN750,3/26/2002,D21CQCN10,7.95,3.41,80
44,Lê Hải Phong,B21DCCN686,9/14/2000,D21CQCN16,7.07,2.99,41
45,Phan Hải Bình,B21DCCN526,2/7/2000,D21CQCN18,7.56,3,46
46,Vũ Minh Dương,B21DCCN410,10/15/2002,D21CQCN18,7.26,2.92,77
47,Hoàng Hải Dương,B21DCCN460,11/16/1998,D21CQCN07,5.58,2.21,82
48,Nguyễn Quốc Tuấn,B21DCCN378,6/19/2002,D21CQCN15,8.3,3.49,66
49,Vũ Anh Anh,B21DCCN584,3/8/2003,D21CQCN17,7.87,3.44,76
50,Trần Thị Cường,B21DCCN382,5/16/2000,D21CQCN05,6.82,2.56,63
51,Phan Thanh Linh,B21DCCN448,4/24/2001,D21CQCN09,7.61,2.93,77
52,Trần Văn Anh,B21DCCN124,11/15/2002,D21CQCN11,8.3,3.23,60
53,Bùi Minh Linh,B21DCCN185,12/5/2002,D21CQCN15,7.91,3.08,79
54,Hoàng Thị Dương,B21DCCN912,6/18/1998,D21CQCN20,7.56,2.8,51
55,Bùi Thị Quang,B21DCCN762,9/13/2003,D21CQCN17,5.31,1.7,71
56,Phạm Minh Quang,B21DCCN282,6/11/1999,D21CQCN18,9.31,3.52,44
57,Trần Quốc Quang,B21DCCN945,12/3/1999,D21CQCN19,5.77,2.48,79
58,Hoàng Khánh Phong,B21DCCN209,7/24/1999,D21CQCN10,7.82,3.24,78
59,Đặng Quốc Dương,B21DCCN756,12/10/2002,D21CQCN07,7.24,2.81,76
60,Lê Quốc Tuấn,B21DCCN991,9/6/1998,D21CQCN17,6.67,2.64,71
61,Bùi Thanh Khang,B21DCCN384,11/24/2001,D21CQCN17,7.19,3,71
62,Phạm Khánh Huy,B21DCCN459,9/26/2003,D21CQCN10,6.6,2.6,73
63,Phạm Hải Khang,B21DCCN507,2/10/2002,D21CQCN03,7.86,3.1,74
64,Đỗ Minh Tuấn,B21DCCN315,1/8/1999,D21CQCN19,6.07,2.38,74
65,Hoàng Anh Tuấn,B21DCCN652,10/24/1998,D21CQCN05,7.66,2.97,59
66,Đỗ Văn Khang,B21DCCN944,8/11/2000,D21CQCN09,7.42,2.96,46
67,Nguyễn Minh Anh,B21DCCN942,10/13/2003,D21CQCN07,8.02,3.27,79
68,Trần Quốc Tuấn,B21DCCN422,3/9/2001,D21CQCN07,8.08,3.37,72
69,Nguyễn Đình Tuấn,B21DCCN437,3/20/2000,D21CQCN08,7.94,3.15,56
70,Nguyễn Anh Quang,B21DCCN892,4/23/2002,D21CQCN12,8.17,3.31,64
71,Đặng Khánh Bình,B21DCCN231,6/1/2002,D21CQCN17,7.12,2.84,81
72,Đặng Hải Anh,B21DCCN641,8/22/2003,D21CQCN13,7.48,2.99,63
73,Lê Thị Phong,B21DCCN289,9/4/1999,D21CQCN08,7.28,2.81,77
74,Nguyễn Quốc Bình,B21DCCN152,6/21/1999,D21CQCN03,7.61,2.96,80
75,Hoàng Thanh Linh,B21DCCN428,6/3/2002,D21CQCN03,7.78,2.91,63
76,Hoàng Quốc Quang,B21DCCN423,5/10/1998,D21CQCN19,7.35,3,75
77,Hoàng Quốc Phong,B21DCCN402,2/22/2002,D21CQCN09,8.33,3.28,71
78,Lê Thanh Anh,B21DCCN300,11/19/2001,D21CQCN20,7.15,2.92,74
79,Trần Anh Quang,B21DCCN583,11/1/1999,D21CQCN14,7.46,2.85,63
80,Hoàng Minh Linh,B21DCCN382,2/24/2003,D21CQCN12,8.3,3.35,73
81,Đặng Đình Bình,B21DCCN824,11/3/2002,D21CQCN20,7.81,3.13,68
82,Trần Khánh Khang,B21DCCN171,8/8/2000,D21CQCN18,7.55,2.82,78
83,Đặng Văn Khang,B21DCCN675,6/3/1999,D21CQCN07,6.41,2.58,65
84,Trần Hải Tuấn,B21DCCN994,3/19/1998,D21CQCN16,7.69,2.93,84
85,Phan Đình Tuấn,B21DCCN790,1/26/2003,D21CQCN03,7.82,3.44,80
86,Phạm Thanh Tuấn,B21DCCN852,9/12/2002,D21CQCN04,7.26,2.93,75
87,Trần Khánh Phong,B21DCCN681,3/26/2002,D21CQCN17,7.76,2.81,74
88,Phan Văn Huy,B21DCCN896,9/5/1999,D21CQCN18,8.1,3.49,79
89,Lê Anh Phong,B21DCCN662,1/2/2001,D21CQCN18,8.37,3.26,56
90,Phan Anh Cường,B21DCCN890,3/27/2003,D21CQCN12,7.1,2.89,83
91,Lê Thị Cường,B21DCCN942,5/7/2001,D21CQCN13,8.19,3.25,55
92,Lê Thanh Bình,B21DCCN470,1/24/1998,D21CQCN01,5.72,2.49,60
93,Đặng Hải Cường,B21DCCN904,12/15/2002,D21CQCN15,0.29,0,44
94,Vũ Đình Khang,B21DCCN619,7/26/2003,D21CQCN13,4.31,1.04,45
95,Đỗ Quốc Dương,B21DCCN872,4/9/2002,D21CQCN19,4.59,1.39,75
96,Phan Thị Phong,B21DCCN553,8/6/1999,D21CQCN04,7.21,3,75
97,Phạm Văn Quang,B21DCCN795,9/24/1998,D21CQCN09,7.25,2.98,49
98,Nguyễn Quốc Phong,B21DCCN854,11/4/1999,D21CQCN12,7.1,2.83,68
99,Nguyễn Hữu Linh,B21DCCN782,6/26/1998,D21CQCN19,8.18,3.25,41
100,Phan Quốc Phong,B21DCCN601,1/27/2003,D21CQCN07,8.25,3.03,73
101,Phan Văn Huy,B21DCCN364,3/2/2001,D21CQCN16,8.35,3.34,84
102,Phạm Khánh Khang,B21DCCN978,5/6/1999,D21CQCN20,7.77,2.84,82
103,Phạm Minh Khang,B21DCCN195,9/17/1999,D21CQCN05,7.98,3.15,72
104,Đặng Quốc Cường,B21DCCN618,4/28/2001,D21CQCN14,7.69,2.86,66
105,Bùi Hải Linh,B21DCCN110,7/16/2002,D21CQCN08,7.52,2.88,74
106,Nguyễn Hữu Tuấn,B21DCCN518,9/19/2003,D21CQCN15,6.02,2.41,73
107,Lê Hải Bình,B21DCCN591,5/25/2003,D21CQCN18,8.3,3.29,90
108,Đặng Hải Dương,B21DCCN232,1/16/2002,D21CQCN11,7.03,2.94,61
109,Đỗ Anh Dương,B21DCCN900,3/17/2001,D21CQCN20,8.04,3.15,57
110,Hoàng Minh Cường,B21DCCN713,2/12/2002,D21CQCN17,9.94,3.56,78
111,Bùi Anh Tuấn,B21DCCN987,11/11/1998,D21CQCN08,4.73,1.41,46
112,Phạm Hải Khang,B21DCCN415,10/20/1998,D21CQCN19,8.23,3.21,80
113,Vũ Hải Quang,B21DCCN769,5/26/2003,D21CQCN13,8.02,3.44,71
114,Vũ Thị Cường,B21DCCN503,9/2/1998,D21CQCN20,8.37,3.09,78
115,Bùi Hữu Cường,B21DCCN120,10/1/2002,D21CQCN16,8.1,3.19,81
116,Lê Văn Huy,B21DCCN472,11/5/2002,D21CQCN16,4.88,1.69,65
117,Hoàng Minh Dương,B21DCCN201,8/18/1998,D21CQCN06,8,3.12,74
118,Đỗ Thị Khang,B21DCCN448,6/4/1998,D21CQCN09,9.77,3.68,80
119,Đỗ Minh Huy,B21DCCN585,2/28/2000,D21CQCN09,7.73,2.87,69
120,Đỗ Hữu Linh,B21DCCN848,6/17/2001,D21CQCN10,7.42,2.91,50
121,Đặng Thanh Huy,B21DCCN737,5/21/1999,D21CQCN18,5.71,2.06,50
122,Lê Văn Huy,B21DCCN198,5/8/2001,D21CQCN17,5.78,2.28,82
123,Hoàng Anh Huy,B21DCCN433,12/13/2000,D21CQCN04,8.74,3.53,82
124,Đặng Hữu Anh,B21DCCN376,1/18/1999,D21CQCN06,8.1,3.03,72
125,Trần Khánh Tuấn,B21DCCN126,3/18/2002,D21CQCN13,6.81,2.58,80
126,Đỗ Thanh Khang,B21DCCN570,8/14/1999,D21CQCN09,7.7,2.88,78
127,Phạm Hải Anh,B21DCCN583,2/19/2001,D21CQCN07,9.43,3.68,71
128,Phạm Khánh Linh,B21DCCN845,3/21/2001,D21CQCN14,7.53,2.91,74
129,Đặng Anh Huy,B21DCCN763,4/20/2002,D21CQCN16,8.23,3.4,76
130,Bùi Văn Linh,B21DCCN293,4/28/1998,D21CQCN07,7.83,3.31,51
131,Đỗ Văn Phong,B21DCCN777,9/9/2003,D21CQCN15,8.38,3.27,53
132,Hoàng Minh Dương,B21DCCN283,1/4/2001,D21CQCN07,9.46,3.51,81
133,Đỗ Minh Cường,B21DCCN529,5/1/2001,D21CQCN11,8.33,3.1,76
134,Vũ Hữu Dương,B21DCCN958,8/4/1999,D21CQCN07,7.95,3.28,43
135,Phạm Đình Quang,B21DCCN165,7/1/2003,D21CQCN20,7.41,2.88,71
136,Trần Anh Khang,B21DCCN357,1/14/2001,D21CQCN11,7.67,2.86,80
137,Đỗ Hữu Huy,B21DCCN413,8/14/2001,D21CQCN15,7.29,2.87,71
138,Đặng Khánh Cường,B21DCCN289,5/4/2000,D21CQCN15,6.26,2.21,76
139,Phan Hải Phong,B21DCCN953,9/12/2002,D21CQCN13,4.79,1.33,74
140,Trần Quốc Huy,B21DCCN577,4/19/2003,D21CQCN07,7,2.81,41
141,Phạm Anh Quang,B21DCCN242,7/4/1998,D21CQCN01,7.25,2.8,79
142,Bùi Văn Khang,B21DCCN137,9/4/2001,D21CQCN08,7.41,2.99,70
143,Vũ Văn Bình,B21DCCN648,12/19/1998,D21CQCN14,8.23,3.31,74
144,Nguyễn Hữu Linh,B21DCCN354,6/10/2003,D21CQCN07,8.1,3.31,98
145,Đỗ Khánh Bình,B21DCCN696,2/25/1998,D21CQCN12,7.64,2.91,81
146,Phan Đình Cường,B21DCCN315,9/23/2003,D21CQCN01,7.45,2.91,43
147,Lê Thị Cường,B21DCCN183,2/8/2003,D21CQCN04,8.12,3.47,71
148,Đỗ Đình Dương,B21DCCN594,11/26/2003,D21CQCN01,7.15,2.9,66
149,Hoàng Hải Anh,B21DCCN674,1/16/2000,D21CQCN07,7.8,3.05,74
150,Nguyễn Thị Anh,B21DCCN203,3/28/2001,D21CQCN03,7.91,3.23,81
151,Hoàng Thanh Huy,B21DCCN265,10/12/1998,D21CQCN20,8.19,3.06,84
152,Hoàng Đình Dương,B21DCCN145,8/13/2000,D21CQCN19,7.74,2.98,30
153,Đỗ Thị Huy,B21DCCN291,12/12/2001,D21CQCN18,7.44,2.87,82
154,Vũ Khánh Cường,B21DCCN555,9/23/1999,D21CQCN11,4.61,1.45,58
155,Lê Văn Bình,B21DCCN342,2/2/1998,D21CQCN18,7.56,2.97,78
156,Vũ Hải Bình,B21DCCN300,8/20/1999,D21CQCN13,9.81,3.5,58
157,Trần Thị Tuấn,B21DCCN823,10/4/2003,D21CQCN15,8.34,3.2,72
158,Nguyễn Minh Phong,B21DCCN351,2/25/2002,D21CQCN07,8.38,3.15,81
159,Nguyễn Thanh Tuấn,B21DCCN890,3/2/2003,D21CQCN05,7.3,2.87,78
160,Bùi Minh Khang,B21DCCN350,7/4/2003,D21CQCN14,8.07,3.12,91
161,Trần Thanh Cường,B21DCCN538,6/25/2000,D21CQCN20,7.1,2.86,68
162,Phan Thị Phong,B21DCCN776,2/11/1999,D21CQCN02,7.47,2.91,78
163,Trần Thanh Tuấn,B21DCCN728,10/1/1999,D21CQCN19,7.35,2.93,91
164,Lê Hữu Tuấn,B21DCCN298,7/14/2000,D21CQCN05,8.35,3.36,78
165,Phan Hải Cường,B21DCCN798,10/2/2003,D21CQCN03,9.19,3.69,84
166,Phan Quốc Bình,B21DCCN432,12/19/1999,D21CQCN07,8.31,3.15,48
167,Hoàng Thị Quang,B21DCCN548,9/27/1999,D21CQCN01,8.3,3.15,75
168,Phan Hải Cường,B21DCCN304,4/25/2003,D21CQCN07,7.69,2.97,80
169,Nguyễn Khánh Bình,B21DCCN660,1/18/1999,D21CQCN19,5.52,2.12,82
170,Lê Quốc Cường,B21DCCN817,7/7/2002,D21CQCN10,7.65,2.8,47
171,Vũ Thị Huy,B21DCCN621,10/14/2003,D21CQCN11,7.22,2.93,79
172,Lê Khánh Khang,B21DCCN172,12/22/2001,D21CQCN03,7.98,3.28,75
173,Vũ Đình Huy,B21DCCN782,4/26/2002,D21CQCN17,7.27,2.91,72
174,Hoàng Văn Dương,B21DCCN641,9/24/1998,D21CQCN17,9.29,3.91,80
175,Vũ Quốc Phong,B21DCCN234,10/19/2003,D21CQCN16,0.37,0,75
176,Lê Minh Dương,B21DCCN862,1/8/2003,D21CQCN08,7.01,2.88,69
177,Bùi Hữu Linh,B21DCCN532,6/17/1998,D21CQCN03,7.49,2.82,100
178,Phan Văn Huy,B21DCCN317,1/11/2001,D21CQCN18,4.57,1.39,82
179,Trần Khánh Phong,B21DCCN304,12/17/2003,D21CQCN17,7.81,3.11,81
180,Trần Minh Phong,B21DCCN789,3/6/2001,D21CQCN01,7.62,2.82,74
181,Lê Quốc Dương,B21DCCN635,11/5/1999,D21CQCN13,8.78,3.78,57
182,Hoàng Quốc Huy,B21DCCN216,7/12/2003,D21CQCN07,7.2,3,73
183,Phan Thanh Quang,B21DCCN770,11/17/1999,D21CQCN15,7.15,2.9,79
184,Lê Hải Anh,B21DCCN504,10/4/1998,D21CQCN18,5.75,2.01,84
185,Phạm Khánh Phong,B21DCCN209,6/20/2002,D21CQCN17,7.46,2.98,45
186,Đặng Anh Tuấn,B21DCCN861,12/27/2000,D21CQCN06,8.39,3.16,20
187,Vũ Đình Dương,B21DCCN722,12/9/1998,D21CQCN10,7.4,2.83,76
188,Phan Minh Anh,B21DCCN583,3/14/1999,D21CQCN19,6.74,2.54,40
189,Vũ Hải Linh,B21DCCN249,3/18/2002,D21CQCN19,8.12,3.36,66
190,Bùi Quốc Khang,B21DCCN507,6/3/2003,D21CQCN20,7.24,2.95,52
191,Lê Đình Tuấn,B21DCCN956,12/6/1998,D21CQCN18,8.1,3.39,83
192,Lê Thị Huy,B21DCCN265,9/17/1999,D21CQCN06,7.27,2.89,84
193,Phan Hải Phong,B21DCCN249,12/21/2000,D21CQCN11,7.58,2.92,72
194,Phan Thị Khang,B21DCCN984,2/12/2000,D21CQCN03,7.64,2.86,78
195,Phạm Văn Phong,B21DCCN915,10/16/2003,D21CQCN09,6.05,2.03,80
196,Phan Quốc Tuấn,B21DCCN311,4/8/2000,D21CQCN20,7.9,3.3,42
197,Đỗ Đình Linh,B21DCCN115,1/18/2000,D21CQCN16,7.94,3.46,56
198,Trần Khánh Anh,B21DCCN614,12/15/2003,D21CQCN07,8.26,3.19,77
199,Trần Đình Cường,B21DCCN574,11/12/2000,D21CQCN17,6.87,2.53,64
200,Đặng Khánh Bình,B21DCCN425,10/6/2002,D21CQCN20,7.33,2.9,41
201,Trần Anh Anh,B21DCCN320,11/9/2000,D21CQCN12,7.08,2.84,47
202,Bùi Thị Huy,B21DCCN854,2/20/2003,D21CQCN14,7.6,2.97,75
203,Phạm Anh Khang,B21DCCN518,7/17/2001,D21CQCN14,7.43,2.92,58
204,Phan Hữu Huy,B21DCCN771,2/22/1999,D21CQCN11,8.28,3.06,71
205,Hoàng Minh Tuấn,B21DCCN916,1/18/2001,D21CQCN13,5.8,2,72
206,Lê Hải Tuấn,B21DCCN516,7/24/2002,D21CQCN12,7.84,3.19,71
207,Phạm Hải Bình,B21DCCN786,1/23/2003,D21CQCN11,7.95,3.33,80
208,Trần Hải Phong,B21DCCN495,5/17/2003,D21CQCN04,8.16,3.29,78
209,Hoàng Khánh Cường,B21DCCN820,7/10/2001,D21CQCN14,7.05,2.9,71
210,Phạm Hữu Cường,B21DCCN600,4/25/2002,D21CQCN06,7.23,2.95,66
211,Hoàng Văn Quang,B21DCCN406,6/24/2001,D21CQCN12,7.97,3.48,57
212,Vũ Thị Dương,B21DCCN836,12/16/1998,D21CQCN05,7.33,2.86,74
213,Lê Văn Quang,B21DCCN923,2/26/2002,D21CQCN15,8.95,3.74,68
214,Nguyễn Hữu Khang,B21DCCN233,12/16/2003,D21CQCN17,5.81,2.29,48
215,Phạm Minh Cường,B21DCCN463,8/19/1998,D21CQCN01,7.87,3.26,83
216,Đặng Hải Tuấn,B21DCCN908,7/28/2003,D21CQCN04,8.13,3.28,86
217,Vũ Anh Anh,B21DCCN702,8/4/1999,D21CQCN17,7.65,2.94,63
218,Phan Đình Dương,B21DCCN763,10/3/1999,D21CQCN06,7.21,2.99,70
219,Phan Minh Linh,B21DCCN989,10/9/2003,D21CQCN05,7.04,2.85,71
220,Hoàng Đình Tuấn,B21DCCN117,5/10/1998,D21CQCN02,7.8,3.25,78
221,Lê Hữu Huy,B21DCCN163,2/25/2002,D21CQCN07,7.84,3.2,75
222,Trần Thị Linh,B21DCCN425,6/22/2003,D21CQCN03,7.17,2.82,61
223,Đỗ Minh Dương,B21DCCN821,5/28/2000,D21CQCN17,7.37,2.96,49
224,Vũ Thị Tuấn,B21DCCN443,7/3/2002,D21CQCN20,7.25,2.96,64
225,Lê Khánh Linh,B21DCCN552,6/23/2000,D21CQCN11,9.17,3.88,73
226,Hoàng Hữu Tuấn,B21DCCN458,8/25/1998,D21CQCN05,6.11,2.3,62
227,Trần Khánh Anh,B21DCCN620,5/4/1999,D21CQCN06,8.29,3.1,82
228,Vũ Quốc Dương,B21DCCN821,7/2/1999,D21CQCN09,7.78,2.82,81
229,Đặng Minh Huy,B21DCCN132,7/4/1999,D21CQCN18,7.39,2.87,82
230,Phạm Hải Cường,B21DCCN129,1/20/2002,D21CQCN19,7.73,2.84,72
231,Nguyễn Thị Dương,B21DCCN250,3/24/2002,D21CQCN11,7.8,3.37,74
232,Nguyễn Minh Quang,B21DCCN923,9/7/1999,D21CQCN13,9.1,3.71,94
233,Phan Anh Linh,B21DCCN278,11/22/2002,D21CQCN09,8.05,3.38,81
234,Hoàng Văn Phong,B21DCCN298,7/28/2003,D21CQCN01,7.88,3.21,81
235,Nguyễn Hải Tuấn,B21DCCN772,4/22/2002,D21CQCN14,7.85,3.19,38
236,Vũ Khánh Tuấn,B21DCCN732,1/4/2001,D21CQCN13,7.6,2.91,84
237,Hoàng Thị Dương,B21DCCN707,1/27/2003,D21CQCN02,8.19,3.41,74
238,Trần Quốc Cường,B21DCCN418,6/7/1998,D21CQCN13,5.82,2.18,74
239,Lê Thị Anh,B21DCCN843,9/23/2000,D21CQCN17,7.4,2.99,59
240,Bùi Anh Tuấn,B21DCCN633,11/21/2002,D21CQCN19,8.38,3.49,94
241,Đặng Đình Quang,B21DCCN819,6/3/1999,D21CQCN10,1.41,0,83
242,Đỗ Văn Cường,B21DCCN876,6/16/1998,D21CQCN20,7.15,2.83,77
243,Bùi Khánh Anh,B21DCCN653,12/12/1999,D21CQCN09,7.78,2.88,67
244,Lê Văn Tuấn,B21DCCN159,12/17/1999,D21CQCN01,7.75,3,78
245,Hoàng Hữu Linh,B21DCCN880,5/28/2002,D21CQCN18,7.61,2.81,80
246,Trần Hải Quang,B21DCCN640,7/7/1999,D21CQCN16,6.61,2.75,74
247,Nguyễn Văn Cường,B21DCCN423,4/25/2001,D21CQCN07,7.76,2.97,76
248,Đặng Hữu Quang,B21DCCN327,10/16/2002,D21CQCN03,7.69,2.8,77
249,Nguyễn Hải Quang,B21DCCN949,3/20/2002,D21CQCN02,7.89,3.04,79
250,Bùi Văn Khang,B21DCCN873,11/28/2001,D21CQCN01,7.15,2.89,73
251,Trần Thanh Linh,B21DCCN254,11/17/2002,D21CQCN03,4.49,1.5,77
252,Nguyễn Hải Dương,B21DCCN134,5/14/2003,D21CQCN16,8.01,3.39,78
253,Hoàng Thanh Bình,B21DCCN345,11/20/2001,D21CQCN15,7.78,2.93,43
254,Nguyễn Đình Huy,B21DCCN983,11/22/2001,D21CQCN13,8.01,3.07,83
255,Trần Hải Dương,B21DCCN617,10/20/1999,D21CQCN20,8.2,3.03,43
256,Lê Hải Linh,B21DCCN579,12/3/1998,D21CQCN07,7.49,2.87,47
257,Bùi Hải Phong,B21DCCN694,7/11/2003,D21CQCN09,7.89,3.44,58
258,Trần Quốc Phong,B21DCCN910,12/9/2002,D21CQCN03,8.1,3.34,78
259,Trần Anh Dương,B21DCCN846,8/9/1999,D21CQCN10,9.34,3.74,54
260,Hoàng Hải Tuấn,B21DCCN311,9/16/2002,D21CQCN01,8.22,3.42,78
261,Đặng Đình Cường,B21DCCN422,11/13/1998,D21CQCN18,7.6,2.91,83
262,Phạm Quốc Anh,B21DCCN251,11/23/1999,D21CQCN04,5.95,2.02,47
263,Phan Hải Anh,B21DCCN756,7/9/2002,D21CQCN08,8.06,3.42,41
264,Phan Đình Phong,B21DCCN939,3/12/2002,D21CQCN02,8.06,3.47,78
265,Hoàng Thị Quang,B21DCCN289,11/3/2000,D21CQCN08,7.22,2.83,78
266,Lê Minh Dương,B21DCCN438,10/27/2002,D21CQCN04,6.38,2.65,56
267,Bùi Thị Phương,B21DCCN430,7/9/2001,D21CQCN17,8.2,3.29,44
268,Lê Đình Anh,B21DCCN309,3/24/2000,D21CQCN17,7.83,3.1,63
269,Bùi Quốc Phong,B21DCCN655,11/18/2002,D21CQCN07,7.79,2.86,82
270,Lê Khánh Dương,B21DCCN209,1/22/2002,D21CQCN20,7.15,3,77
271,Lê Anh Linh,B21DCCN196,7/26/1999,D21CQCN03,7.19,2.9,64
272,Đỗ Quốc Phong,B21DCCN593,9/17/1999,D21CQCN14,7.59,2.92,81
273,Phan Minh Tuấn,B21DCCN578,10/22/1999,D21CQCN01,7.4,2.86,74
274,Bùi Văn Dương,B21DCCN210,10/11/2002,D21CQCN08,7.29,2.81,80
275,Phan Khánh Quang,B21DCCN190,2/15/1998,D21CQCN05,8.36,3.48,54
276,Bùi Hải Dương,B21DCCN968,2/19/2002,D21CQCN01,8.05,3.06,74
277,Phạm Minh Dương,B21DCCN898,10/19/2000,D21CQCN20,7.9,3.26,45
278,Đặng Minh Quang,B21DCCN823,9/15/2003,D21CQCN07,7.69,2.96,78
279,Đỗ Đình Bình,B21DCCN190,5/5/2002,D21CQCN01,8.3,3.29,76
280,Nguyễn Thanh Tuấn,B21DCCN526,2/20/2001,D21CQCN14,5.7,2.29,58
281,Bùi Đình Huy,B21DCCN915,6/27/2003,D21CQCN18,7.43,2.98,48
282,Trần Minh Khang,B21DCCN774,12/24/2002,D21CQCN01,8.22,3.07,83
283,Đỗ Khánh Anh,B21DCCN156,5/27/1999,D21CQCN01,7.84,3.24,83
284,Hoàng Minh Dương,B21DCCN241,12/23/1999,D21CQCN16,8.04,3.32,72
285,Vũ Quốc Quang,B21DCCN138,12/17/1998,D21CQCN03,4.61,1.1,56
286,Phan Thị Cường,B21DCCN397,1/21/2003,D21CQCN16,7.36,2.95,75
287,Vũ Văn Bình,B21DCCN339,6/26/2002,D21CQCN15,7.76,2.92,66
288,Đỗ Hải Tuấn,B21DCCN191,12/10/1999,D21CQCN17,8.76,3.95,63
289,Phan Hải Cường,B21DCCN457,7/6/1998,D21CQCN17,7.3,2.94,45
290,Đỗ Hữu Cường,B21DCCN616,3/5/1999,D21CQCN19,6.87,2.64,80
291,Bùi Thanh Anh,B21DCCN150,12/13/2003,D21CQCN04,5.88,2.38,74
292,Đặng Thị Cường,B21DCCN960,12/3/2003,D21CQCN16,7.69,2.81,58
293,Lê Đình Quang,B21DCCN559,12/23/2002,D21CQCN11,7.18,2.81,54
294,Bùi Minh Quang,B21DCCN557,3/4/2000,D21CQCN05,8.11,3.18,77
295,Lê Anh Dương,B21DCCN215,9/11/2000,D21CQCN17,7.03,3,81
296,Phạm Khánh Quang,B21DCCN777,6/3/2001,D21CQCN14,8.23,3.03,74
297,Bùi Minh Bình,B21DCCN334,5/13/1999,D21CQCN13,8,3.07,80
298,Bùi Minh Anh,B21DCCN629,4/24/1998,D21CQCN03,7.93,3.48,47
299,Lê Hữu Cường,B21DCCN696,8/19/2003,D21CQCN05,7.21,2.95,75
300,Trần Hữu Cường,B21DCCN467,3/17/2003,D21CQCN06,9.3,3.74,71
301,Trần Văn Khang,B21DCCN793,9/8/1998,D21CQCN03,8.02,3.09,70
302,Vũ Đình Huy,B21DCCN766,9/20/2003,D21CQCN15,4.28,1.47,83
303,Phạm Hữu Bình,B21DCCN674,1/12/2001,D21CQCN19,7.77,2.81,74
304,Trần Thanh Khang,B21DCCN524,8/16/2001,D21CQCN09,7.44,3,68
305,Phan Hữu Quang,B21DCCN502,6/21/2000,D21CQCN02,7.9,3.01,40
306,Phạm Thanh Anh,B21DCCN666,7/10/1999,D21CQCN05,7.69,3,71
307,Vũ Hữu Linh,B21DCCN419,8/6/2001,D21CQCN09,9.01,3.57,79
308,Vũ Hải Anh,B21DCCN369,3/26/2003,D21CQCN19,8.24,3.08,47
309,Phan Hữu Linh,B21DCCN518,6/10/2003,D21CQCN02,6.22,2.29,74
310,Đặng Hải Huy,B21DCCN622,12/6/1999,D21CQCN01,7.8,3,74
311,Đặng Thị Tuấn,B21DCCN310,10/6/2000,D21CQCN20,6.76,2.73,43
312,Bùi Thị Linh,B21DCCN587,5/1/1998,D21CQCN14,7.63,2.83,76
313,Lê Khánh Linh,B21DCCN382,8/21/2002,D21CQCN15,8.06,3.3,73
314,Hoàng Thị Khang,B21DCCN818,4/22/2003,D21CQCN10,7.18,2.99,73
315,Đặng Thị Tuấn,B21DCCN412,1/26/2003,D21CQCN09,6.46,2.69,62
316,Phan Thị Cường,B21DCCN488,1/1/2003,D21CQCN10,8.06,3.23,76
317,Lê Văn Quang,B21DCCN760,1/25/2003,D21CQCN06,7.78,2.91,75
318,Nguyễn Quốc Dương,B21DCCN245,8/12/2002,D21CQCN17,8,3.23,61
319,Bùi Khánh Khang,B21DCCN690,8/17/1998,D21CQCN09,7.27,2.97,66
320,Hoàng Minh Tuấn,B21DCCN824,2/12/2002,D21CQCN03,7.23,2.84,74
321,Đặng Anh Linh,B21DCCN316,10/9/2001,D21CQCN13,6.42,2.63,72
322,Nguyễn Khánh Phong,B21DCCN823,10/24/2002,D21CQCN15,8.16,3.16,45
323,Bùi Đình Anh,B21DCCN224,6/1/2000,D21CQCN05,8.21,3.24,57
324,Vũ Văn Linh,B21DCCN271,7/27/2002,D21CQCN20,9.79,3.55,68
325,Phan Thanh Cường,B21DCCN891,8/2/2001,D21CQCN06,7.69,2.95,73
326,Đặng Minh Linh,B21DCCN648,5/6/2003,D21CQCN02,7.25,2.95,71
327,Đặng Hải Cường,B21DCCN880,3/26/2001,D21CQCN10,8.83,3.71,56
328,Lê Quốc Quang,B21DCCN951,1/28/1999,D21CQCN11,7.44,2.96,73
329,Nguyễn Minh Linh,B21DCCN142,4/3/1998,D21CQCN03,7.49,2.9,54
330,Lê Đình Linh,B21DCCN411,9/5/2001,D21CQCN14,4.23,1.23,78
331,Phạm Khánh Quang,B21DCCN690,11/5/1998,D21CQCN19,7.27,2.92,75
332,Trần Quốc Quang,B21DCCN566,1/4/1999,D21CQCN10,7.16,2.88,71
333,Bùi Anh Khang,B21DCCN780,2/26/2000,D21CQCN04,7.63,2.99,96
334,Đặng Hữu Phong,B21DCCN167,6/8/1999,D21CQCN03,7.74,2.84,76
335,Phạm Văn Dương,B21DCCN927,10/6/2003,D21CQCN19,7.82,3.5,79
336,Vũ Hải Khang,B21DCCN564,6/19/2001,D21CQCN12,4.36,1.23,63
337,Phạm Thị Linh,B21DCCN662,1/16/2003,D21CQCN08,7.03,2.82,69
338,Trần Đình Khang,B21DCCN716,7/24/2003,D21CQCN03,4.92,1.51,78
339,Vũ Hữu Khang,B21DCCN247,3/3/2002,D21CQCN14,7.14,2.94,80
340,Phan Thanh Cường,B21DCCN131,12/1/1998,D21CQCN16,8.4,3.17,70
341,Lê Minh Cường,B21DCCN356,1/11/1998,D21CQCN19,9.22,3.56,72
342,Phan Văn Quang,B21DCCN798,12/11/2002,D21CQCN04,7.41,2.96,75
343,Vũ Thanh Dương,B21DCCN293,1/4/2002,D21CQCN15,8.39,3.17,59
344,Phan Quốc Khang,B21DCCN292,1/28/2001,D21CQCN10,7.46,2.86,77
345,Bùi Anh Khang,B21DCCN542,4/24/1998,D21CQCN01,7.89,3.07,72
346,Đặng Quốc Khang,B21DCCN423,7/13/2003,D21CQCN19,7.53,2.97,79
347,Phan Khánh Anh,B21DCCN813,5/14/1998,D21CQCN18,7.23,2.88,74
348,Đặng Hữu Phong,B21DCCN929,7/5/1998,D21CQCN08,7.47,2.84,70
349,Trần Anh Cường,B21DCCN826,8/17/2001,D21CQCN03,8.11,3.14,74
350,Hoàng Khánh Linh,B21DCCN124,7/15/2001,D21CQCN10,8,3.33,80
351,Vũ Thanh Dương,B21DCCN155,10/4/2001,D21CQCN05,6.86,2.78,49
352,Hoàng Thanh Phong,B21DCCN725,7/7/2002,D21CQCN10,7.83,3.39,72
353,Hoàng Anh Huy,B21DCCN780,6/7/1999,D21CQCN11,7.63,2.8,47
354,Trần Anh Quang,B21DCCN692,10/3/1999,D21CQCN18,7.85,3.17,31
355,Phan Hữu Linh,B21DCCN512,5/26/1999,D21CQCN17,7.22,2.87,75
356,Đặng Thanh Bình,B21DCCN972,8/11/1998,D21CQCN13,7.24,2.86,82
357,Trần Quốc Dương,B21DCCN568,6/5/2002,D21CQCN05,8.13,3.41,66
358,Đỗ Đình Quang,B21DCCN612,2/26/2002,D21CQCN09,7.27,2.84,71
359,Đỗ Thanh Linh,B21DCCN469,9/19/1998,D21CQCN19,7.12,2.88,89
360,Lê Đình Huy,B21DCCN582,1/3/2003,D21CQCN18,8.13,3.46,64
361,Nguyễn Văn Cường,B21DCCN702,3/16/1999,D21CQCN17,7.76,2.82,80
362,Phan Hữu Quang,B21DCCN383,5/10/1998,D21CQCN12,7.18,2.82,75
363,Đỗ Quốc Khang,B21DCCN120,2/13/2002,D21CQCN05,7.91,3.24,67
364,Đặng Văn Anh,B21DCCN825,2/18/2003,D21CQCN14,7.65,2.81,76
365,Phan Hải Tuấn,B21DCCN837,1/14/2002,D21CQCN18,7.73,2.82,72
366,Vũ Thị Dương,B21DCCN215,1/14/1998,D21CQCN08,8.33,3.2,67
367,Đỗ Quốc Bình,B21DCCN223,6/1/1998,D21CQCN19,7.16,2.84,84
368,Đỗ Khánh Dương,B21DCCN526,12/26/2003,D21CQCN06,5.9,2.12,70
369,Nguyễn Minh Linh,B21DCCN206,12/1/2000,D21CQCN13,5.02,1.73,82
370,Nguyễn Khánh Huy,B21DCCN659,7/9/2000,D21CQCN06,7.74,2.85,79
371,Bùi Thanh Khang,B21DCCN307,4/7/1999,D21CQCN03,8.27,3.04,76
372,Trần Quốc Phong,B21DCCN448,11/12/1998,D21CQCN08,7.14,2.89,81
373,Lê Thị Anh,B21DCCN331,12/10/2003,D21CQCN07,7.72,2.99,84
374,Trần Thanh Huy,B21DCCN502,8/6/2000,D21CQCN18,7.31,2.84,43
375,Đỗ Anh Phong,B21DCCN885,10/6/2000,D21CQCN19,7.43,2.87,58
376,Phan Quốc Dương,B21DCCN153,8/8/2003,D21CQCN05,7.26,2.89,81
377,Phạm Đình Quang,B21DCCN871,11/28/2000,D21CQCN08,8.11,3.19,82
378,Phạm Anh Phong,B21DCCN596,9/19/2002,D21CQCN07,7.9,3.43,57
379,Vũ Thị Bình,B21DCCN873,3/11/2002,D21CQCN12,7.22,2.92,62
380,Trần Quốc Bình,B21DCCN763,6/16/1999,D21CQCN08,7.49,3,78
381,Đỗ Đình Anh,B21DCCN258,5/2/2002,D21CQCN06,7.17,2.89,63
382,Nguyễn Thanh Quang,B21DCCN118,7/12/2000,D21CQCN01,7.44,2.81,59
383,Đặng Khánh Anh,B21DCCN228,4/8/2000,D21CQCN06,8.25,3.44,86
384,Hoàng Đình Bình,B21DCCN921,12/9/2001,D21CQCN20,8.23,3.23,59
385,Đặng Thị Linh,B21DCCN683,6/16/1998,D21CQCN18,7.79,2.87,64
386,Phạm Đình Cường,B21DCCN820,10/26/2001,D21CQCN13,8.36,3.29,43
387,Nguyễn Đình Huy,B21DCCN948,4/14/2002,D21CQCN01,8.25,3.1,70
388,Đặng Hải Linh,B21DCCN672,6/20/2003,D21CQCN11,7.4,2.86,70
389,Phạm Hải Huy,B21DCCN107,10/14/2000,D21CQCN03,8.07,3.34,55
390,Đỗ Minh Huy,B21DCCN353,9/25/2001,D21CQCN03,7.29,2.81,66
391,Phan Hữu Linh,B21DCCN634,6/7/2001,D21CQCN14,5.62,2.31,78
392,Phạm Anh Bình,B21DCCN950,8/17/2001,D21CQCN02,8.38,3.14,87
393,Lê Đình Bình,B21DCCN804,3/25/1999,D21CQCN15,8.28,3.23,45
394,Đỗ Anh Khang,B21DCCN235,7/7/2000,D21CQCN03,7.14,2.89,93
395,Bùi Anh Anh,B21DCCN668,7/25/2001,D21CQCN10,5.59,2.32,77
396,Đặng Thị Cường,B21DCCN797,2/4/2002,D21CQCN20,4.16,1.25,80
397,Lê Quốc Dương,B21DCCN656,11/24/2001,D21CQCN20,7.27,2.96,55
398,Hoàng Đình Tuấn,B21DCCN148,3/25/2001,D21CQCN07,7.07,2.88,80
399,Nguyễn Thị Dương,B21DCCN721,10/18/2003,D21CQCN01,7.86,3.34,82
400,Bùi Văn Phong,B21DCCN149,1/13/1998,D21CQCN08,4.58,1.15,70
401,Vũ Quốc Dương,B21DCCN545,1/18/1998,D21CQCN01,7.83,3.38,63
402,Phan Minh Bình,B21DCCN991,7/10/2000,D21CQCN01,7.82,3.18,63
403,Hoàng Văn Phong,B21DCCN622,11/5/2001,D21CQCN17,7.25,2.84,42
404,Vũ Khánh Huy,B21DCCN487,12/15/1998,D21CQCN07,6.63,2.72,71
405,Bùi Minh Linh,B21DCCN694,5/4/2003,D21CQCN01,7.1,2.91,78
406,Hoàng Quốc Cường,B21DCCN702,12/23/2001,D21CQCN09,7.63,2.93,74
407,Đặng Thanh Dương,B21DCCN781,12/28/1999,D21CQCN11,7.85,3.4,76
408,Phan Quốc Cường,B21DCCN311,7/18/2002,D21CQCN11,6.21,2.2,76
409,Đặng Văn Linh,B21DCCN400,11/9/2002,D21CQCN15,7.77,2.93,82
410,Lê Thanh Phong,B21DCCN472,6/25/1998,D21CQCN10,7.46,2.83,75
411,Hoàng Quốc Phong,B21DCCN125,12/11/2000,D21CQCN07,8.28,3.18,42
412,Phạm Minh Dương,B21DCCN772,1/4/2003,D21CQCN06,7.05,2.98,88
413,Nguyễn Hải Linh,B21DCCN915,12/26/2002,D21CQCN19,7.83,3.06,75
414,Lê Thị Dương,B21DCCN945,1/20/2003,D21CQCN14,8.2,3.47,42
415,Trần Anh Huy,B21DCCN215,8/26/1998,D21CQCN16,5.77,2.08,71
416,Lê Hữu Cường,B21DCCN646,12/11/2000,D21CQCN09,5.74,2.22,71
417,Nguyễn Khánh Cường,B21DCCN348,9/17/1998,D21CQCN20,7.54,2.95,66
418,Trần Quốc Huy,B21DCCN564,2/17/2000,D21CQCN08,7.36,2.87,76
419,Đỗ Khánh Quang,B21DCCN794,8/27/2001,D21CQCN03,7.79,2.84,76
420,Bùi Thị Anh,B21DCCN287,9/12/2001,D21CQCN12,7.5,2.88,50
421,Nguyễn Văn Quang,B21DCCN104,3/23/2002,D21CQCN09,8.31,3.07,70
422,Đỗ Quốc Tuấn,B21DCCN593,11/5/2001,D21CQCN07,7.25,2.96,65
423,Đặng Đình Tuấn,B21DCCN555,3/9/2003,D21CQCN10,7.3,2.95,72
424,Lê Thị Anh,B21DCCN956,2/20/2000,D21CQCN10,8.31,3.03,91
425,Phạm Thị Phong,B21DCCN861,5/9/2002,D21CQCN10,5.89,2.11,57
426,Trần Hải Phong,B21DCCN858,11/20/1998,D21CQCN13,8.11,3.49,81
427,Đỗ Đình Khang,B21DCCN997,2/13/2003,D21CQCN15,7.53,2.98,85
428,Trần Thị Huy,B21DCCN835,2/11/1998,D21CQCN03,7.85,3.02,73
429,Lê Anh Linh,B21DCCN568,8/6/2001,D21CQCN10,7.38,2.9,74
430,Phạm Anh Phong,B21DCCN646,3/9/2002,D21CQCN03,7.48,2.8,73
431,Phan Anh Linh,B21DCCN931,12/11/2003,D21CQCN05,7.4,3,76
432,Nguyễn Thị Quang,B21DCCN797,9/23/1999,D21CQCN19,7.98,3.25,48
433,Lê Văn Anh,B21DCCN402,10/7/2000,D21CQCN19,7.45,2.81,79
434,Trần Hữu Phong,B21DCCN766,4/4/1999,D21CQCN19,7.81,3.34,56
435,Nguyễn Thị Anh,B21DCCN987,2/12/1998,D21CQCN06,7.27,2.98,59
436,Đặng Văn Khang,B21DCCN804,4/18/2000,D21CQCN03,7.27,2.81,80
437,Vũ Thanh Linh,B21DCCN362,10/2/2002,D21CQCN14,7.26,2.8,57
438,Vũ Anh Bình,B21DCCN614,2/11/2003,D21CQCN03,7.9,3.34,47
439,Đặng Văn Bình,B21DCCN801,9/9/2003,D21CQCN16,7.45,3,75
440,Bùi Minh Khang,B21DCCN658,3/24/1998,D21CQCN10,7.65,3,87
441,Vũ Thị Cường,B21DCCN759,8/9/2001,D21CQCN02,8.36,3.11,83
442,Vũ Đình Cường,B21DCCN262,1/11/1999,D21CQCN04,0.24,0,79
443,Đặng Minh Huy,B21DCCN852,4/1/2002,D21CQCN07,8.23,3.38,80
444,Phan Quốc Huy,B21DCCN193,5/24/1998,D21CQCN15,7.68,2.8,83
445,Nguyễn Anh Bình,B21DCCN430,6/19/1998,D21CQCN10,7.48,2.85,75
446,Nguyễn Hữu Bình,B21DCCN738,12/5/1999,D21CQCN06,6.56,2.51,68
447,Vũ Minh Anh,B21DCCN813,4/26/2002,D21CQCN05,7.03,2.9,76
448,Trần Quốc Tuấn,B21DCCN537,3/18/2001,D21CQCN19,7.57,2.97,99
449,Đỗ Quốc Phong,B21DCCN106,8/3/2001,D21CQCN03,6.7,2.78,80
450,Nguyễn Đình Linh,B21DCCN939,5/28/1998,D21CQCN11,7.96,3.26,44
451,Trần Văn Cường,B21DCCN501,3/17/2001,D21CQCN14,7.24,2.88,53
452,Đặng Minh Anh,B21DCCN755,2/25/2001,D21CQCN02,8.07,3.49,94
453,Vũ Văn Huy,B21DCCN595,10/8/1998,D21CQCN16,7.02,2.94,83
454,Lê Hữu Cường,B21DCCN466,11/6/2003,D21CQCN12,7.95,3.06,77
455,Đặng Hải Dương,B21DCCN563,9/9/2003,D21CQCN13,7.63,2.91,67
456,Lê Văn Phong,B21DCCN111,2/23/1998,D21CQCN10,8.24,3.11,78
457,Lê Hữu Phong,B21DCCN589,4/10/2000,D21CQCN10,7.32,2.84,80
458,Phạm Thanh Anh,B21DCCN853,5/20/2000,D21CQCN05,5.92,2.08,74
459,Bùi Minh Anh,B21DCCN920,11/21/2000,D21CQCN02,7.05,2.81,76
460,Nguyễn Quốc Dương,B21DCCN626,7/20/1999,D21CQCN08,8.25,3.23,77
461,Phạm Hải Quang,B21DCCN979,9/25/2001,D21CQCN11,7.54,2.83,79
462,Đặng Minh Quang,B21DCCN392,1/6/1999,D21CQCN13,6.71,2.6,73
463,Phan Đình Bình,B21DCCN143,1/28/2000,D21CQCN15,7.19,2.97,77
464,Phạm Quốc Khang,B21DCCN981,1/11/1998,D21CQCN08,8.32,3.13,78
465,Bùi Thanh Cường,B21DCCN992,9/19/1999,D21CQCN20,8.07,3.24,43
466,Lê Thanh Phong,B21DCCN403,6/19/1998,D21CQCN19,7.39,2.97,83
467,Vũ Anh Phong,B21DCCN596,5/18/2002,D21CQCN05,7.69,2.89,43
468,Phạm Hải Dương,B21DCCN219,8/20/2003,D21CQCN02,8.37,3.39,47
469,Hoàng Anh Linh,B21DCCN196,10/9/1999,D21CQCN03,7.67,2.91,58
470,Hoàng Anh Phong,B21DCCN535,10/15/1999,D21CQCN13,7.11,2.82,78
471,Nguyễn Quốc Huy,B21DCCN398,2/12/2002,D21CQCN12,7.2,2.86,54
472,Trần Minh Linh,B21DCCN490,1/7/2000,D21CQCN20,8.36,3.5,78
473,Đặng Hải Quang,B21DCCN739,10/11/1998,D21CQCN19,7.48,2.94,83
474,Đỗ Minh Cường,B21DCCN698,1/23/1999,D21CQCN19,7.21,2.97,47
475,Trần Minh Quang,B21DCCN918,4/2/2001,D21CQCN15,7.95,3,41
476,Lê Khánh Cường,B21DCCN454,6/18/1998,D21CQCN20,7.75,3,78
477,Đặng Quốc Tuấn,B21DCCN366,1/26/1998,D21CQCN18,8.39,3.34,78
478,Đỗ Anh Tuấn,B21DCCN152,8/12/2002,D21CQCN11,7.19,2.94,56
479,Lê Đình Khang,B21DCCN636,1/22/1998,D21CQCN02,7.12,2.88,44
480,Hoàng Văn Dương,B21DCCN832,4/7/1999,D21CQCN04,8.22,3.25,63
481,Phan Hải Khang,B21DCCN407,8/11/2002,D21CQCN14,7.74,3,82
482,Nguyễn Hải Anh,B21DCCN890,8/22/2000,D21CQCN13,7.92,3.33,77
483,Bùi Minh Anh,B21DCCN326,12/11/2002,D21CQCN14,7.57,2.81,64
484,Nguyễn Hải Tuấn,B21DCCN265,10/8/2000,D21CQCN20,7.71,2.99,81
485,Vũ Minh Khang,B21DCCN458,2/1/2003,D21CQCN08,7.8,3.49,74
486,Bùi Văn Linh,B21DCCN849,2/20/2000,D21CQCN01,6.64,2.79,80
487,Đỗ Đình Dương,B21DCCN434,12/12/2001,D21CQCN12,7.84,3.03,54
488,Phan Văn Tuấn,B21DCCN229,5/19/2002,D21CQCN15,2.58,0,83
489,Hoàng Anh Tuấn,B21DCCN193,11/14/2003,D21CQCN02,8.13,3.01,84
490,Vũ Văn Huy,B21DCCN922,2/6/2000,D21CQCN20,9.4,3.68,72
491,Đặng Văn Tuấn,B21DCCN450,2/16/2002,D21CQCN20,8.02,3.14,78
492,Trần Hải Quang,B21DCCN373,6/8/2003,D21CQCN18,7.24,2.8,80
493,Đặng Thị Huy,B21DCCN251,5/5/2003,D21CQCN01,8,3.01,42
494,Hoàng Thị Khang,B21DCCN342,3/7/2003,D21CQCN16,8.27,3.25,56
495,Phan Đình Bình,B21DCCN862,9/5/2003,D21CQCN06,7.19,2.92,77
496,Hoàng Thanh Dương,B21DCCN506,6/2/2002,D21CQCN04,7.52,2.95,64
497,Phan Thị Anh,B21DCCN410,7/14/2000,D21CQCN01,7.87,3.05,41
498,Hoàng Hải Cường,B21DCCN667,2/11/1998,D21CQCN14,7.81,3.12,47
499,Phan Thị Huy,B21DCCN182,11/21/2001,D21CQCN17,6.41,2.7,55
500,Đặng Minh Cường,B21DCCN601,5/19/2001,D21CQCN15,8.38,3.19,99
